"Prey","Category"
"Lyngbya sp.","Algae"
"Spirogyra sp.","Algae"
"Compsopogon sp.","Algae"
"vegetal fragment","Plant"
"seed fragment","Plant"
"seed","Plant"
"larvae fragment","Invertebrate"
"insect","Invertebrate"
"insect larvae","Invertebrate"
"Ephemeroptera","Invertebrate"
"scale","Fish"
"detritus","Detritus"
"sand","Other"
"Oedogonium sp.","Algae"
"petal","Plant"
"Baetidae","Invertebrate"
"Lepidoptera larvae","Invertebrate"
"Cladocera","Invertebrate"
"Aphanocapsa sp.","Algae"
"Chroococcus sp.","Algae"
"filamentous Cyanophyceae","Algae"
"Merismopedia sp.","Algae"
"Oscillatoria sp.","Algae"
"Achnantidium sp.","Algae"
"Amphora sp.","Algae"
"Carpatograma sp.","Algae"
"Cocconeis sp.","Algae"
"Cyclotella sp.","Algae"
"Cymbella sp.","Algae"
"Diatom penatae","Algae"
"Epithemia sp.","Algae"
"Eunotia sp.","Algae"
"Fragilaria sp.","Algae"
"Gomphonema sp.","Algae"
"Gomphonema turris","Algae"
"Gyrosigma sp.","Algae"
"Navicula sp1","Algae"
"Navicula sp2","Algae"
"Navicula sp3","Algae"
"Neidium sp.","Algae"
"Nitzschia sp.","Algae"
"Pinnularia sp.","Algae"
"Pleurosira sp.","Algae"
"Pseudostaurosira sp.","Algae"
"Rhopalodia gibba","Algae"
"Synedra sp.","Algae"
"Closterium sp.","Algae"
"Closteriopsis sp.","Algae"
"Cosmarium sp1","Algae"
"Cosmarium sp2","Algae"
"Glaucocystis sp.","Algae"
"Micrasterias laticeps","Algae"
"Oedogonium sp1","Algae"
"Oedogonium sp2","Algae"
"Oocystis sp.","Algae"
"Pediastrum tetras","Algae"
"Scenedesmus sp1","Algae"
"Scenedesmus sp2","Algae"
"Staurastrum sp.","Algae"
"Euglena sp.","Algae"
"Phacus sp.","Algae"
"Trachelomonas sp.","Algae"
"anther","Plant"
"pollen grain","Plant"
"Copepoda","Invertebrate"
"Lecane sp.","Invertebrate"
"larvae","Invertebrate"
"Acari","Invertebrate"
"Surirella sp.","Algae"
"Actinastrum sp.","Algae"
"Zygnema sp.","Algae"
"Centropyxis sp.","Invertebrate"
"Insetos","Invertebrate"
"Material vegetal","Plant"
"Microcrustaceos","Invertebrate"
"Outros","Other"
"Peixes","Fish"
"Outros invertebrados","Invertebrate"
"Actinopterygii","Fish"
"Anchoviella vaillanti","Fish"
"Characidae","Fish"
"Moenkhausia costae","Fish"
"Orthospinus franciscensis","Fish"
"Actinopterygii fragment","Fish"
"Hexapoda fragment","Invertebrate"
"Plant material","Plant"
"Anostomidae","Fish"
"Characiformes sp1","Fish"
"Characiformes sp2","Fish"
"Characiformes sp3","Fish"
"other","Other"
"sediment","Other"
"Curimatidae","Fish"
"Curimatella lepidura","Fish"
"Prochilodus costatus","Fish"
"Tetragonopterus chalceus","Fish"
"Acestrorhynchidae","Fish"
"Gymnotiformes","Fish"
"Decapoda","Invertebrate"
"Isopoda","Invertebrate"
"Anisoptera","Invertebrate"
"Odonata","Invertebrate"
"Roeboides xenodon","Fish"
"Conchostraca","Invertebrate"
"Chironomidae","Invertebrate"
"Coleoptera","Invertebrate"
"bone fragment","Fish"
"animal tissue","Other"
"Ostracoda","Invertebrate"
"Gastropoda","Invertebrate"
"Ceratopogonidae","Invertebrate"
"Corixidae","Invertebrate"
"Daphniidae","Invertebrate"
"Hydracarina","Invertebrate"
"filamentous algae","Algae"
"Dytiscidae","Invertebrate"
"plant material","Plant"
"Acaridae","Invertebrate"
"diptera pupae","Invertebrate"
"Coleoptera adult","Invertebrate"
"insect fragment","Invertebrate"
"calcified egg","Other"
"algae 1","Algae"
"algae 2","Algae"
"fruit","Plant"
"Diptera adult","Invertebrate"
"Dixidae","Invertebrate"
"diptera fragment","Invertebrate"
"Daphiniidae","Invertebrate"
"Bruchidae","Invertebrate"
"Dryopidae","Invertebrate"
"Formicidae","Invertebrate"
"Termitidae","Invertebrate"
"Diptera","Invertebrate"
"Hemiptera","Invertebrate"
"Cycloid scale","Fish"
"Penaeidae","Invertebrate"
"parasite egg","Invertebrate"
"Rotifera","Invertebrate"
"invertebrate egg","Invertebrate"
"Trichuris trichiura","Invertebrate"
"Ancylostoma duodenale","Invertebrate"
"fish","Fish"
"gastropod operculum","Invertebrate"
"Ctenoid scale","Fish"
"Resto de peixe","Fish"
"Astyanax bimaculatus","Fish"
"Atyidae","Invertebrate"
"Ciclopoida","Invertebrate"
"Ephemeroptera (Larva)","Invertebrate"
"Fragmento de Inseto","Invertebrate"
"Aeshnidae","Invertebrate"
"Libelullidae","Invertebrate"
"Zigoptera","Invertebrate"
"Coenagrionidae","Invertebrate"
"Chironomidae (Pupa)","Invertebrate"
"Chironomidae (Larva)","Invertebrate"
"Cordullidae","Invertebrate"
"Notonectidae","Invertebrate"
"Raiz","Plant"
"Folha","Plant"
"Semente","Plant"
"Material vegetal nao identificado","Plant"
"Sedimento","Other"
"Material digerido","Other"
"Material nao identificado","Other"
"Nematoda","Invertebrate"
"Calanoida","Invertebrate"
"Chydoridae","Invertebrate"
"Haparcticoida","Invertebrate"
"Bosminidae","Invertebrate"
"Anisoptera (Ninfa)","Invertebrate"
"Zigoptera (Ninfa)","Invertebrate"
"Coenagrionidae (Larva)","Invertebrate"
"Stratiomidae (Larva)","Invertebrate"
"Tricoptera (Larva)","Invertebrate"
"Dytiscidae (Larva)","Invertebrate"
"Bivalvia","Invertebrate"
"Bacillariophyta","Algae"
"Cyclotela","Algae"
"Synedra","Algae"
"Gyrosigma","Algae"
"Amphora","Algae"
"Cymbela","Algae"
"Gomphonema","Algae"
"Eunotia","Algae"
"Merismopedia","Algae"
"Microcystis","Algae"
"Oscillatoria","Algae"
"Pseudoanabaema","Algae"
"Planktothrix","Algae"
"Anabaena","Algae"
"Oedogomium","Algae"
"Pediastrum","Algae"
"Tetrastrum","Algae"
"Tetraedron","Algae"
"Monoraphidium","Algae"
"Scenedesmus","Algae"
"Phacus","Algae"
"Euglena","Algae"
"Hirudinea","Invertebrate"
"MATERIAL DIGERIDO","Other"
"CLADOCERA","Invertebrate"
"CHIRONOMIDAE","Invertebrate"
"NYLON","Other"
"egg","Invertebrate"
"PLANARIA","Invertebrate"
"OSTRACODA","Invertebrate"
"worm","Invertebrate"
"shell","Invertebrate"
"CENATAPOGONIDAE","Invertebrate"
"Eucinostomus argenteus","Fish"
"Eucinostomus gula","Fish"
"Eucinostomus melanopterus","Fish"
"Eucinostomus sp.","Fish"
"Anchoviella lepidentostole","Fish"
"Anchoviella sp.","Fish"
"Elops saurus","Fish"
"Penaeus brasiliensis","Invertebrate"
"Eurytium limosum","Invertebrate"
"Neritina virginea","Invertebrate"
"Lepidoptera","Invertebrate"
"restos de peixes e crustaceos","Other"
"Detrito","Detritus"
"Culicidae adulto","Invertebrate"
"Pupa de Diptera","Invertebrate"
"Larva de Diptera","Invertebrate"
"Restos de Insetos","Invertebrate"
"Aranha","Invertebrate"
"Melanoides tuberculata","Invertebrate"
"Restos de Moluscos","Invertebrate"
"Ovos","Invertebrate"
"Escamas","Fish"
"Sementes","Plant"
"Restos vegetais","Plant"
"Biomphalaria straminea","Invertebrate"
"Algas filamentosas","Algae"
"Cylindrospermopsis raciborskii","Algae"
"Microcystis sp.","Algae"
"Planktothrix agardhii","Algae"
"Astyanax spp.","Fish"
"Astyanax fasciatus","Fish"
"Perciformes","Fish"
"fish part","Fish"
"Macrobrachium shrimp","Invertebrate"
"Zygoptera","Invertebrate"
"Hexapoda part","Invertebrate"
"macrophyte","Plant"
"Leporinus sp.","Fish"
"Cichla sp.","Fish"
"Pygocentrus piraya","Fish"
"Cyphocharax gilbert","Fish"
"Oligochaeta","Invertebrate"
"Parauchenipterus galeatus","Fish"
"Crenicichla lepidota","Fish"
"Serrasalmus brandtii","Fish"
"Hoplias malabaricus","Fish"
"Pimelodus maculatus","Fish"
"Lophiosilurus alexandri","Fish"
"Plagioscion squamosissimus","Fish"
"Eigenmannia virescens","Fish"
"Synbranchus marmoratus","Fish"
"vertebra","Fish"
"raios","Fish"
"Tricoptera","Invertebrate"
"plant tissue","Plant"
"Acestrorhynchus spp.","Fish"
"Schizodon knerii","Fish"
"Metynnis spp.","Fish"
"Curimatela lepidura","Fish"
"Characiformes","Fish"
"Orthoptera","Invertebrate"
"rock","Other"
"Astyanax lacustris","Fish"
"fin","Fish"
"Chaoboridae","Invertebrate"
"Coleoptero","Invertebrate"
"Hemiptero","Invertebrate"
"Hymenoptera","Invertebrate"
"insect parts","Invertebrate"
"Simulideo","Invertebrate"
"Tricoptero","Invertebrate"
"Characiforme","Fish"
"Cichlid scale","Fish"
"fish parts","Fish"
"higher plant","Plant"
"algae","Algae"
"Orthoptero","Invertebrate"
"Plecoptero","Invertebrate"
"Quironomideo","Invertebrate"
"Astyanax sp.","Fish"
"Tetragonopterinae","Fish"
"mamal","Other"
"Ceratopogolidae","Invertebrate"
"Bivalve","Invertebrate"
"nematode","Invertebrate"
"vegetal material","Plant"
"mollusc","Invertebrate"
"Tricoptera larvae","Invertebrate"
"Diptera larvae","Invertebrate"
"Coleoptera larvae","Invertebrate"
"Odonata larvae","Invertebrate"
"Plecoptera larvae","Invertebrate"
"Diptera pupa","Invertebrate"
"Araneae","Invertebrate"
"fish egg","Fish"
"Mantodea","Invertebrate"
"Hemiptera larvae","Invertebrate"
"arthropoda fragment","Invertebrate"
"digested organic material","Detritus"
"fish fragment","Fish"
"Mollusca","Invertebrate"
"crustacean","Invertebrate"
"Isoptera","Invertebrate"
"animal fragment","Other"
"Hymenoptera pupa","Invertebrate"
"aquatic vegetal material","Plant"
"aquatic invertebrate","Invertebrate"
"aquatic insect","Invertebrate"
"terrestrial vegetal material","Plant"
"terrestrial invertebrate","Invertebrate"
"terrestrial insect","Invertebrate"
"unidentified items","Other"
"Chlorophyceae","Algae"
"Cyanophyceae","Algae"
"microplastic","Other"
"Protozoa/Microcrustacea","Invertebrate"
"vegetal fragments","Plant"
"Insect fragments","Invertebrate"
"Sediment","Other"
"Algae","Algae"
"Blattodea","Invertebrate"
"Digested material","Detritus"
"Plant matter","Plant"
"Ephemeroptera nymph","Invertebrate"
"Scale","Fish"
"Trichoptera larvae","Invertebrate"
"Trichoptera pupa","Invertebrate"
"Hemiptera adult","Invertebrate"
"Odonata nymph","Invertebrate"
"Aquatic mite","Invertebrate"
"Hemiptera nymph","Invertebrate"
"Hymenoptera adult","Invertebrate"
"Odonata adult","Invertebrate"
"Phlaeothripidae adult","Invertebrate"
"Trichoptera adult","Invertebrate"
"Insect eggs","Invertebrate"
"Terrestrial Coleoptera","Invertebrate"
"Testate amoeba","Invertebrate"
"Trematoda","Invertebrate"
"Arachnida","Invertebrate"
"Poeciliidae","Fish"
"Auchenorrhyncha adult","Invertebrate"
"Ephemeroptera adult","Invertebrate"
"Psocoptera adult","Invertebrate"
"Aquatic Coleoptera","Invertebrate"
"microcrustacean","Invertebrate"
"Collembola","Invertebrate"
"crustaceos","Invertebrate"
"peixes","Fish"
"insetos","Invertebrate"
"detrito","Detritus"
"detritos","Detritus"
"resto vegetal","Plant"
"ofidios","Other"
"anfibios","Other"
"Fish scales","Fish"
"Vegetable matter","Plant"
"Digested matter","Detritus"
"Sand","Other"
"Fish remaining","Fish"
"Shrimp","Invertebrate"
"Chironomidae (Larvae)","Invertebrate"
"Algae (filamentous)","Algae"
"Mollusk","Invertebrate"
"Acariformes","Invertebrate"
"Trichoptera","Invertebrate"
"Plecoptera","Invertebrate"
"Veneroida","Invertebrate"
"Caenogastropoda","Invertebrate"
"guano + amorphous animal mass","Other"
"undetermined arthropods + insects-entire individuals, wings, abdomen, bristles and antennae + larvae, pupae and nymphs of insects + coleoptera, family Ditscydae, subfamily Hydroporinae (troglobite) + larvae and pupae of dipterans, family Chironomidae + psocopteran insects + aquatic hemipterans","Invertebrate"
"Nematomorpha worm","Invertebrate"
"terrestrial (Oribatida) and aquatic mites (Hydracarina)","Invertebrate"
"Amphipoda","Invertebrate"
"Fish remains","Fish"
"Characidium bimaculatum","Fish"
"Organic matter","Detritus"
"insect remains","Invertebrate"
"Cichlidae","Fish"
"Vegetable remains","Plant"
"Steindachnerina notonota","Fish"
"Debris","Detritus"
"Egg","Invertebrate"
"Seeds","Plant"
"Cyclotella meneghiniana","Algae"
"Ephitemia sp.","Algae"
"Eunotia pectinalis","Algae"
"Fragillaria sp.","Algae"
"Mastogloia smithii","Algae"
"Melosira granulata","Algae"
"Melosira italica","Algae"
"Navicula sp1.","Algae"
"Navicula sp2.","Algae"
"Synedra sp1","Algae"
"Synedra sp2.","Algae"
"Filamentous algaes","Algae"
"Ankistrodemus convolutus","Algae"
"Ankistrodesmus falcatus","Algae"
"Ankistrodesmus spiralis","Algae"
"Chlorela vulgaris","Algae"
"Chrocooccus sp.","Algae"
"Chrocooccus turgidus","Algae"
"Kirchneriella contorta","Algae"
"Scenedesmus quadricauda","Algae"
"Anabaena sp.","Algae"
"Calotrix sp.","Algae"
"Gloetrichia sp.","Algae"
"Lyngbia sp.","Algae"
"Mycrocistis aeruginosa","Algae"
"Oscillatoria sp1.","Algae"
"Oscillatoria sp2.","Algae"
"Planktothrix sp.","Algae"
"Bdelloidea sp.","Invertebrate"
"Hexarthra mira","Invertebrate"
"Keratella tropica","Invertebrate"
"Lecane monostila cornuta","Invertebrate"
"Lecane setenroosi","Invertebrate"
"Platyias sp.","Invertebrate"
"Rotifera unidentified","Invertebrate"
"Tintinidae","Invertebrate"
"Ceriodaphnia cornuta","Invertebrate"
"Diaphanosoma sp.","Invertebrate"
"Diaphanosoma spinulosum","Invertebrate"
"Moina minuta","Invertebrate"
"Remains of Cladocera","Invertebrate"
"Copepod nauplii","Invertebrate"
"Calanoida egg","Invertebrate"
"Remains of Copepoda","Invertebrate"
"Adult Chironomidae","Invertebrate"
"Chironomidae larvae","Invertebrate"
"Chironomidae pupa","Invertebrate"
"Remains of insects","Invertebrate"
"Diploneis sp.","Algae"
"Eudorina elegans","Algae"
"Kirchneriella sp.","Algae"
"Scenedesmus bijugatus","Algae"
"Schroederia setigera","Algae"
"Selenastrum sp.","Algae"
"Spyrogira sp.","Algae"
"Strombomonas sp.","Algae"
"Keratella americana","Invertebrate"
"Cosmarium sp.","Algae"
"Keratella valga","Invertebrate"
"Leptodactylus macrosternum","Other"
"Pleurotaenium ovatum","Algae"
"Sediment/Detritus","Detritus"
"Cyclopoida","Invertebrate"
"Brachyura","Invertebrate"
"Peneidae","Invertebrate"
"Caprella","Invertebrate"
"Tanaidacea","Invertebrate"
"Polychaeta","Invertebrate"
"Larva Diptera","Invertebrate"
"Larva de inseto","Invertebrate"
"Larva Trichoptera","Invertebrate"
"Ninfa Ephemeroptera","Invertebrate"
"Ninfa Plecoptera","Invertebrate"
"Crustacea","Invertebrate"
"Fish","Fish"
"Insect","Invertebrate"
"Vegetable","Plant"
"Foraminifera","Invertebrate"
"Invertebrate eggs","Invertebrate"
"Caprellidae","Invertebrate"
"Gammaridae","Invertebrate"
"Cirripedia","Invertebrate"
"Brachyura zoea","Invertebrate"
"Brachyura megalopa","Invertebrate"
"Ceratopogonidae larvae","Invertebrate"
"Ceratopogonidae pupae","Invertebrate"
"Fish eggs","Fish"
"Polyplacophora","Invertebrate"
"Cyamidae","Invertebrate"
"Mysidae","Invertebrate"
"Simuliidae larvae","Invertebrate"
"Simuliidae pupae","Invertebrate"
"Scaphopoda","Invertebrate"
"Elmidae","Invertebrate"
"Homoptera","Invertebrate"
"Apidae","Invertebrate"
"Vespidae","Invertebrate"
"Philopotamidae larvae","Invertebrate"
"organic matter","Detritus"
"Autochthonous","Other"
"Ficus sp.","Plant"
"Poaceae seed","Plant"
"seed and fruit","Plant"
"plant fragments","Plant"
"Fabaceae seed","Plant"
"flower","Plant"
"Diatoms","Algae"
"Sipuncula","Invertebrate"
"Scaphophoda","Invertebrate"
"Aracnida","Invertebrate"
"Decapoda (L)","Invertebrate"
"Ceratopogonidae (P)","Invertebrate"
"Scales","Fish"
"Filamentous algae","Algae"
"Ceratopogonidae (L)","Invertebrate"
"Insecta (L)","Invertebrate"
"Macroalgae","Algae"
"Errantia Polychaeta","Invertebrate"
"Tintinnid","Invertebrate"
"Harpacticoida","Invertebrate"
"Insecta(L)","Invertebrate"
"Sedentary Polychaeta","Invertebrate"
"Mysidacea","Invertebrate"
"Tabanidae (L)","Invertebrate"
"Filamentous Algae","Algae"
"Cichlasoma spp.","Fish"
"Oreochromis niloticus","Fish"
"Macrobrachium sp.","Invertebrate"
"Plant","Plant"
"Animal tissue","Other"
"Detritus","Detritus"
"Microplastics","Other"
"Raphidophyceae","Algae"
"Protozoa","Invertebrate"
"Microcrustacean","Invertebrate"
"Sponge","Invertebrate"
"Aquatic Insect","Invertebrate"
"Vegetal Matter","Plant"
"Terrestrial Arthropods","Invertebrate"
"Organic Matter","Detritus"
"microcrustaceans","Invertebrate"
"Unicellular Algae","Algae"
"Benthic Invertebrate","Invertebrate"
"Other invertebrates","Invertebrate"
"Zooplankton","Invertebrate"
"Vegetal","Plant"
"Sedments","Other"
"Phitoplankton","Algae"
"Annelida","Invertebrate"
"Characiformes n.i.","Fish"
"Peixe-partes","Fish"
"Vertebra","Fish"
"Hexapoda-partes","Invertebrate"
"Cichla spp.","Fish"
"Gymnotiformes n.i.","Fish"
"Tecido vegetal","Plant"
"Gomphidae","Invertebrate"
"Imago de Ephemeroptera","Invertebrate"
"Perciformes n.i.","Fish"
"Larva de Trichoptera","Invertebrate"
"plant fragment","Plant"
"Moraceae seed","Plant"
"Genipa sp.","Plant"
"Crustacea fragment","Invertebrate"
"Melanoides tuberculatus","Invertebrate"
"Macrobrachium amazonicum","Invertebrate"
"Gomphidae larvae","Invertebrate"
"Ephemeroptera larvae","Invertebrate"
"Helicopsychidae larvae","Invertebrate"
"Naucoridae larvae","Invertebrate"
"Hemerobiidae larvae","Invertebrate"
"cycloid scales","Fish"
"digested organic matter","Detritus"
"insects","Invertebrate"
"Unicellular algae","Algae"
"non identified material","Other"
"other invertebrates","Invertebrate"
"Plant fragment","Plant"
"Polychaeta n.i.","Invertebrate"
"Goniadidae","Invertebrate"
"Glyceridae","Invertebrate"
"Onuphidae","Invertebrate"
"Sabellidae","Invertebrate"
"Crustacea n.i.","Invertebrate"
"Dendrobranchiata","Invertebrate"
"Penaeoidea","Invertebrate"
"Litopenaeus schmitti","Invertebrate"
"Metapenaeopsis sp.","Invertebrate"
"Rimapenaeus constrictus","Invertebrate"
"Xiphopenaeus kroyeri","Invertebrate"
"Sergestidae","Invertebrate"
"Sergestes sp.","Invertebrate"
"Acetes americanus","Invertebrate"
"Caridea","Invertebrate"
"Ogyrididae","Invertebrate"
"Ogyrides alphaerostris","Invertebrate"
"Processidae","Invertebrate"
"Processa hemphilli","Invertebrate"
"Palaemonine","Invertebrate"
"Periclimenes sp.","Invertebrate"
"Periclimenes longicaudatus","Invertebrate"
"Discias sp.","Invertebrate"
"Pasiphaeidae","Invertebrate"
"Leptochela sp.","Invertebrate"
"Leptochela serratorbita","Invertebrate"
"Brachyura n.i.","Invertebrate"
"Portunidae","Invertebrate"
"Callinectes sp.","Invertebrate"
"Calappidae","Invertebrate"
"Pinnotheridae","Invertebrate"
"Parthenopidae","Invertebrate"
"Albunea sp.","Invertebrate"
"Albunea paretti","Invertebrate"
"Emerita sp.","Invertebrate"
"Thalassinidae","Invertebrate"
"Callianassidae","Invertebrate"
"Upogebia sp.","Invertebrate"
"Bowmaniella sp.","Invertebrate"
"Panulirus sp.","Invertebrate"
"Gammaridea","Invertebrate"
"Ampelisca sp.","Invertebrate"
"Cumacea","Invertebrate"
"Flabelifera","Invertebrate"
"Squilla sp.","Invertebrate"
"Mollusca n.i.","Invertebrate"
"Tellinidae","Invertebrate"
"Tellina sp.","Invertebrate"
"Rissoidae","Invertebrate"
"Teleostei n.i.","Fish"
"Dactylopterus volitans","Fish"
"Menticirrhus americanus","Fish"
"Trichiurus lepturus","Fish"
"Symphurus sp.","Fish"
"Engraulidae","Fish"
"Haemulidae","Fish"
"Haemulopsis corvinaeformis","Fish"
"Clupeidae","Fish"
"Ariidae","Fish"
"Anguilliformes","Fish"
"Plant remains","Plant"
"plant","Plant"
"Microcrustaceans","Invertebrate"
"Arachnids","Invertebrate"
"digested material","Detritus"
"fish scales","Fish"
"mollusk","Invertebrate"
"Ephemenoptera","Invertebrate"
"teleostei","Fish"
"fins","Fish"
"oligochaeta","Invertebrate"
"insecta","Invertebrate"
"odonata","Invertebrate"
"plant matter","Plant"
"unidentified material","Other"
"shrimp","Invertebrate"
"nematoda","Invertebrate"
"mollusca","Invertebrate"
"fur","Other"
"feather","Other"
"scales and fins","Fish"
"Invertebrate egg","Invertebrate"
"Wandering polychaeta","Invertebrate"
"Centric diatom","Algae"
"Sedentary polychaeta","Invertebrate"
"Copepodae","Invertebrate"
"Bivalve larvae","Invertebrate"
"Polychaeta Capitellidae","Invertebrate"
"Decapoda larvae","Invertebrate"
"Ceratopogonidae pupa","Invertebrate"
"Fish egg","Fish"
"Insect larvae","Invertebrate"
"Tanaidaceae","Invertebrate"
"Amphypoda","Invertebrate"
"Crutacea","Invertebrate"
"Tubicola polychaeta","Invertebrate"
"Tabanidae larvae","Invertebrate"
"fish scale","Fish"
"Chlorophyta","Algae"
"Chrysophyta","Algae"
"Cyanophyta","Algae"
"Rhodophyta","Algae"
"vegetal matter","Plant"
"Insecta egg","Invertebrate"
"Dryops larvae","Invertebrate"
"Hydroporini","Invertebrate"
"Simuliidae","Invertebrate"
"Insecta","Invertebrate"
"Arthropoda","Invertebrate"
"Ancylidae","Invertebrate"
"animal matter","Other"
"Moinidae","Invertebrate"
"Ceratopogonidae- Larva","Invertebrate"
"Coleoptera - adult","Invertebrate"
"Diptera-Larva","Invertebrate"
"Diptera-Pupa","Invertebrate"
"Diptera-Adult","Invertebrate"
"Hemiptera - Adult","Invertebrate"
"Hydrophilidae - Adult","Invertebrate"
"Megaloptera","Invertebrate"
"Odonata - Anisoptera","Invertebrate"
"Insect fragment","Invertebrate"
"Hydracarinae","Invertebrate"
"Flower","Plant"
"Leaf fragment","Plant"
"Twig","Plant"
"Macrophyte","Plant"
"Seed","Plant"
"Unidentified material","Other"
"Odonata - Zigoptera","Invertebrate"
"Unknown","Other"
"Vegetal matter","Plant"
"Insects segments","Invertebrate"
"Lepdoptera","Invertebrate"
"Mollusc","Invertebrate"
"Vegetal fragments","Plant"
"Organic Material","Detritus"
"Segments","Other"
"Larvae","Invertebrate"
"Aquatic macrophytes","Plant"
"Cloroficea","Algae"
"Oscilatoria","Algae"
"Sedment","Other"
"Non identified digested matter","Detritus"
"Insects","Invertebrate"
"Pupa","Invertebrate"
"Hydrophilidae","Invertebrate"
"Dicrotendipes","Invertebrate"
"Goeldichironomus","Invertebrate"
"Polycentropodidae","Invertebrate"
"Larvae Hydrophilidae","Invertebrate"
"Polypedilum","Invertebrate"
"Polymirtacyidae","Invertebrate"
"Fragments","Other"
"OIigochaeta","Invertebrate"
"Segmanets","Other"
"Corbicula fluminea","Invertebrate"
"Ablabesmyia","Invertebrate"
"Dicmtendipes","Invertebrate"
"Tanytarsus","Invertebrate"
"Chironomus","Invertebrate"
"Coebtanypes","Invertebrate"
"Filter feeder invertebrate","Invertebrate"
"Scraper invertebrate","Invertebrate"
"Collector invertebrate","Invertebrate"
"Predatory invertebrate","Invertebrate"
"Shredder invertebrate","Invertebrate"
"Terrestrial invertebrate","Invertebrate"
"Anelideos","Invertebrate"
"Plancton","Other"
"Moluscos","Invertebrate"
"Camaroes","Invertebrate"
"Aquatic insect","Invertebrate"
"Terrestrial arthropods","Invertebrate"
"Benthic invertebrae","Invertebrate"
"Actinopterygii bits","Fish"
"Orthospinus franciscoensis","Fish"
"Serrasalminae","Fish"
"vegetal tissue","Plant"
"Triportheus guentheri","Fish"
"Psellogramus kennedyi","Fish"
"Hemigrammus gracilis","Fish"
"Bryconops affinnis","Fish"
"Hexapoda","Invertebrate"
"Acestrorhynchus lacustris","Fish"
"Serrassalminae","Fish"
"Actinopterygii NI","Fish"
"Psellogrammus kennedyi","Fish"
"Orthospinus franscicoensis","Fish"
"Polymitarcyidae","Invertebrate"
"Hydropsychidae","Invertebrate"
"Acestrorhynchus sp.","Fish"
"Poecilidae","Fish"
"Campsurus sp.","Invertebrate"
"Cheirodontinae","Fish"
"Siluriformes","Fish"
"Franciscodoras marmoratus","Fish"
"Erythrinidae","Fish"
"Clupeiformes","Fish"
"Crustaceos","Invertebrate"
"vegetal","Plant"
"vegetable","Plant"
"debris and sediment","Detritus"
"Diatomaceae","Algae"
"Protozoan","Invertebrate"
"shirmp","Invertebrate"
"larval shrimp","Invertebrate"
"organic material","Detritus"
